Term,Stat,Doc_Freq
KI,7.585394587945379,154
mithilfe,6.399534467150145,137
Google,5.990956144013014,112
generiert,5.904468078371135,18
Security,5.852411047446154,27
Einsatz,5.743737151349086,596
Nachhaltigkeit,5.67394458926241,31
Bereich,5.501034223192523,584
Digitalisierung,5.352207476005921,84
Anwendung,5.328727034968894,174
Software,5.325192560629764,120
ChatGPT,5.295992035179479,38
Entwicklung,5.248605592698775,775
Text,5.052002626845512,322
Wahlmanipulation,4.928951028571795,15
Antwort,4.841223723941987,566
Chatbot,4.781449586220825,26
entwickeln,4.76903429202002,658
Training,4.768671763507285,53
Fortschritt,4.678741136552928,221
nachhaltig,4.664528320556794,187
investieren,4.655253568194963,218
erstellt,4.593414845027043,19
erzeugen,4.558365209076237,219
verwenden,4.5089454330984005,380
Kunst,4.506060114238293,137
erstellen,4.505860047423873,156
ethisch,4.497560705259151,50
einsetzen,4.440931829826495,606
*,4.438183361352285,303
Technologie,4.422663481942527,214
OpenAI,4.393268560245284,36
vorantreiben,4.389341955875453,120
bzw.,4.335018617176486,49
basieren,4.278815903738625,156
Bewusstsein,4.27497529561559,108
nutzen,4.2264164171694585,902
Potential,4.210904051496335,6
vs.,4.203314563120527,12
dank,4.196396073252467,200
"3,3",4.176530589348573,23
"
",4.163990197953039,313
Künstler,4.153259494102379,128
Hype,4.152320930302752,30
führend,4.14681108712332,213
AI,4.1419203962758395,25
Start-up,4.138297850966538,35
vorstellen,4.13173622783431,389
Inhalt,4.129268649350381,260
Cyberangriff,4.123386317480117,32
Manipulation,4.105339895906438,46
Informatik,4.101807937028283,39
Maschine,4.10057222990978,145
verbessert,4.100548615747661,44
Zeitalter,4.097530722080954,49
kennzeichnen,4.097530722080954,46
Modell,4.085559075864175,245
Finger,4.07682802970564,53
prüfen,4.074538769015593,421
Hilfe,4.073021045249453,694
Basis,4.06605664371552,233
Funktion,4.0273135844181045,198
],4.024624017697796,84
rasant,4.017157588032202,90
forschen,4.001794703567144,90
trainieren,3.9831083958235265,73
virtuell,3.978011810273296,79
Werk,3.9741064578011436,215
Meta,3.9594007755804697,46
Regel,3.948184521467091,556
Social,3.9376497104108843,101
befassen,3.9195489308304072,141
durch,3.91328104759088,3126
verbessern,3.9103263675915976,352
Offensive,3.910251993976118,105
Möglichkeit,3.903905613033702,660
Microsoft,3.876666800633876,53
Versprechen,3.856969731322323,152
übrigens,3.8520871983046945,166
übernehmen,3.843115777370409,600
Firma,3.8219056037291637,290
ausgeben,3.8057906428810924,177
Version,3.7512179476399705,181
ersetzen,3.731785609952505,212
andererseits,3.726336746601964,230
menschlich,3.7142630780009167,297
allgemein,3.6996025360369362,422
Milliarde,3.6750242168414378,760
herumspielen,3.6489765942682606,2
Prädikatenlogik,3.6481484215900206,1
Hochleistungsserver,3.6478724696433353,1
Nachhaltigkeitsbilanz,3.647596570469352,1
Blackbox-Verfahren,3.647596570469352,1
KI-Safety,3.6459422825228778,1
Hightechsektor,3.645666752193396,2
Hieronymus,3.645391274475495,2
Ocampo,3.6448404767940925,2
Generativer,3.644565156790451,2
Security-KI,3.644289889318106,1
Globetrotter,3.6429143392247614,1
Samsungs,3.642364486205908,3
Suchergebnis,3.640167167387114,4
halluzinieren,3.6398927376975596,4
Robotik,3.637973190139677,5
Quellenangabe,3.6376991774320633,3
Bildbearbeitung,3.6368774514321753,3
Zuhilfenahme,3.6368774514321753,4
Hasso-Plattner-Institut,3.634961908950965,4
generativ,3.6333220372795,5
disruptiv,3.6322298241377045,7
umgehen,3.629076275596905,271
Umarmung,3.626237387654614,10
Paris,3.6247251076194935,203
Vorherrschaft,3.62352175943926,10
Artificial,3.622979246662833,8
Bosch,3.6210820568924778,7
Techkonzern,3.6205404605974074,9
Gemini,3.618646473096529,7
109,3.618646473096529,10
ML,3.6143266729787094,3
Expertengruppe,3.608407988857726,13
Blockchain,3.6073344683735353,8
Automatisierung,3.6011771796937246,13
Intelligence,3.5998421089297885,17
Sprachmodell,3.599575242970026,13
Software-Entwicklung,3.599575242970026,10
Waymo,3.5947800777585055,2
Foto,3.5903802739548194,238
[,3.5891434357397465,86
aufbereiten,3.5889408821604505,22
Mithilfe,3.5873524674496142,25
irreführend,3.5823339941442054,27
intensivieren,3.5757572247968046,30
Lasst,3.575232376162221,32
Schulung,3.5728729173096117,28
Fälschung,3.571563772294361,21
irgendwas,3.5655569590747316,32
DeepSeek,3.561652903442271,10
Sprachassistent,3.5603538957531864,3
verantwortungsvoll,3.551293444902228,41
breit,3.5482246144356484,304
Bing,3.5451132887570136,12
implementieren,3.5404954836163665,28
Musk,3.538983740606227,126
verbieten,3.5383015802998177,288
Chip,3.5282531134120454,29
gleichen,3.5163656197920954,51
Könnte,3.5156101589420246,55
akademisch,3.509079349717979,43
ob,3.4970739092558496,1869
überzeugend,3.4961057589132576,60
asiatisch,3.4956090970264757,52
neuronal,3.4936241575226887,31
leider,3.490839488313206,308
intelligent,3.4820174707224396,55
echt,3.46646426878287,332
automatisiert,3.4561784825194977,49
beherrschen,3.4535233923133823,87
Desinformation,3.4484681124537815,54
unsicher,3.447026994404487,71
also,3.4412199394867358,1607
geradezu,3.4372176950380666,72
lenken,3.425108235291706,92
kreativ,3.4243990695923703,73
Gefahr,3.408330683604616,629
missbrauchen,3.4014226202000533,93
inklusive,3.4000277159091805,105
gewaltig,3.3997953629276623,91
jemals,3.3986341590123086,100
Absicht,3.396082795558044,108
Umgang,3.3960252428380997,378
Überwachung,3.395387751524888,91
Versuch,3.389551300338896,393
greifen,3.388167798498168,378
verantwortlich,3.386939131900311,419
Unternehmen,3.3841260067469587,913
Media,3.3820156338741274,87
Programm,3.3791308850802366,301
auswerten,3.378577405681387,116
Wirklichkeit,3.3737776106786086,101
verarbeiten,3.3712697909206835,96
hinzu,3.368936802073888,492
ausdrücklich,3.368311613275374,122
Quantencomputer,3.3626398021411052,18
anschließend,3.3588142453478067,375
Arbeitsmarkt,3.354961749565245,87
scheinbar,3.3533860338564345,115
digital,3.350258081374662,251
ausbauen,3.3493420783897534,122
Auswirkung,3.3480148677877963,381
Investor,3.343297320021243,99
Missbrauch,3.3430739257420434,88
Zukunft,3.340422945156474,661
mittels,3.3395043137228466,92
rennen,3.3383906188276704,107
Potenzial,3.335943512080375,121
lachen,3.3348325615157712,112
empfinden,3.323769855718629,124
Frage,3.322024051651935,1563
Menschheit,3.320027777335955,115
fragen,3.315882900195284,634
mächtig,3.3145422934826296,134
Entwickler,3.3112609867775955,65
verstehen,3.3065963506211684,671
Handy,3.2997264444807204,103
weltweit,3.291968898076055,647
von,3.2878688459439225,6525
anwenden,3.277357184795493,153
Expertin,3.276290428670995,156
zusammenarbeiten,3.27139348451205,167
-,3.269718125537075,697
bald,3.2632845144940497,492
neu,3.259708545614682,3039
nachdenken,3.254068849806396,171
überraschen,3.252389727020036,180
euch,3.251550897919717,122
schaden,3.243397772777806,182
lernen,3.235098257704939,370
lassen,3.232923862712676,1968
Trend,3.228465841242727,178
namens,3.2173674465287547,167
Erwartung,3.2147083135631185,176
Aspekt,3.2059474750620307,151
Welt,3.195384364183255,1176
Angreifer,3.194415671421181,100
Experte,3.189400653208825,486
einerseits,3.1867786951721335,207
lieber,3.1817763261012555,196
anhand,3.1771894156452216,183
Nutzung,3.151338451930746,168
verändern,3.15109056665084,507
unbedingt,3.1507518368116934,214
Information,3.148622151431166,635
TikTok,3.136744159423813,70
inzwischen,3.133958186975974,808
oft,3.1307769333705,908
fügen,3.1295983290903866,268
Musik,3.121721098812639,159
insbesondere,3.11580553874839,580
Bezug,3.1049577156660977,227
wie,3.08121146169173,4777
betonen,3.077145823003523,631
Alltag,3.0683066872725373,222
wollen,3.0677235525652424,3449
Rolle,3.058753087872539,832
Kommission,3.058553819578325,191
Serie,3.058553819578325,148
machen,3.0542642961369815,2800
spielen,3.052438739713887,841
weitgehend,3.049595298339012,272
demonstrieren,3.0461364983473604,233
3,3.0361706753084547,171
laufend,3.032924028216204,279
Technik,3.031303440416602,165
Gerät,3.027708638476696,171
setzen,3.0264343520455803,1276
helfen,3.0228844065764893,860
Form,3.0175813415182997,519
gern,3.009513196098517,260
Euro,3.0034176868154674,1047
bringen,2.990978895648043,1577
Öffentlichkeit,2.986825155886063,261
Forscher,2.983870514829892,400
erkennen,2.9814345220829264,587
mit,2.9776146347047945,6338
beeinflussen,2.9757001238146312,265
genauso,2.9755269740810597,300
bedrohen,2.9687902927039502,279
Material,2.9662076145300222,259
suchen,2.9651842364367305,660
behaupten,2.954898438021269,311
gewinnen,2.94798205755294,636
vielleicht,2.930035391190893,834
trotz,2.9237261428858883,765
aufbauen,2.9233289730299052,328
gesellschaftlich,2.9223273989149163,271
Netz,2.92132651964865,213
hinter,2.914734292982576,692
tatsächlich,2.911532172471258,1003
stellen,2.902667243919261,1931
Führung,2.896199790804543,318
einzeln,2.8959335691072,658
modern,2.8935801512906814,258
Herausforderung,2.884611247813453,303
können,2.883086620218819,4869
etwa,2.8809963774258662,2546
um,2.8802127171618856,4975
überzeugen,2.8744058255157565,351
Konzern,2.8742444153169373,266
Arbeit,2.8727214972951067,873
schlecht,2.867701933736484,694
erheblich,2.855323692634796,362
auslösen,2.8475391189994266,356
erlauben,2.8465887860525854,333
man,2.805213806995127,2710
zuständig,2.798474076199742,408
zunehmend,2.792971430635246,410
Art,2.7760670980052247,872
testen,2.7687660073660343,286
System,2.748312607637212,494
Gesetz,2.7447670696710222,527
für,2.7270880438150353,6098
du,2.7171913125223774,249
gut,2.7100756113746396,2577
Ding,2.7078128859760753,392
allein,2.7006906373156596,839
voll,2.6989237642812984,479
lange,2.6956429359021676,860
kurz,2.691727884962029,1235
Sinn,2.687534269168813,382
Menge,2.681873063408945,379
deshalb,2.6813826727287555,1192
global,2.67510881031696,325
bei,2.665091490581373,5308
scheinen,2.663024070529781,779
schaffen,2.660052803535157,882
Datenschutzvorschriftum,2.648772613224633,1
Ratespiel,2.648772613224633,1
ChatGPT-Konkurrenz,2.648496555671958,1
Internetartikel,2.648496555671958,1
3:Elon,2.648496555671958,1
woke-lastig,2.648496555671958,1
RPA,2.648496555671958,1
informationstechnologisch,2.648496555671958,1
kunstreich,2.648220550932379,1
bahnbrechendst,2.648220550932379,1
Bezahlschranken,2.648220550932379,1
Bedrohungsfeld,2.648220550932379,1
IT-Großkonzern,2.647944598985694,1
Kamelerkennung,2.647944598985694,1
Bilddat,2.647944598985694,1
Genom-Editierung,2.647944598985694,1
Arbeitspferde,2.647944598985694,1
InfoSec,2.647944598985694,1
Umsatzrekord,2.647944598985694,1
statistik-basiert,2.647944598985694,1
gutleb,2.647944598985694,1
wahrheitssuchend,2.647944598985694,1
Maschinenlern,2.647944598985694,1
Innovationsmanagement,2.647944598985694,1
Anstandsregel,2.647944598985694,1
CoPilot,2.647944598985694,1
Ethik-Leitlinie,2.647944598985694,1
fotorealistisch,2.647944598985694,1
Softwarekategorie,2.647944598985694,1
Marktchance,2.647944598985694,1
KAI,2.647944598985694,1
Unbemannte,2.647944598985694,1
Spiketrap,2.6476686998117103,1
Musiknutzung,2.6476686998117103,1
Vernichtet,2.6476686998117103,1
Pro-AfD-Gastbeitrag,2.6476686998117103,1
Zielidentifikation,2.6476686998117103,1
Beauty-Feature,2.6476686998117103,1
eintippt,2.6476686998117103,1
Bewegungspunkte,2.6476686998117103,1
Spezialchip,2.6476686998117103,1
Fake-Song,2.6476686998117103,1
3-D-Sensor,2.6476686998117103,1
Dating-Ratschläg,2.6476686998117103,1
Taktgefühl,2.6476686998117103,1
DeepSeek-KI,2.6476686998117103,1
Betrügen,2.6476686998117103,1
Zeitenwechsel,2.6476686998117103,1
Unterzeichnenden,2.6476686998117103,1
Geschichtenerzählen,2.6476686998117103,1
glaubwürdigeren,2.6476686998117103,1
Frühdiagnose,2.6476686998117103,1
Lernschritt,2.6476686998117103,1
Schlüsselsystemen,2.6476686998117103,1
ML-Anwend,2.6476686998117103,1
Redebeiträge,2.6476686998117103,1
Verschlüsselungsalgorithme,2.6476686998117103,1
Live-Untertitel,2.6476686998117103,1
Wettbewerbsteilnehmer,2.6473928533902473,1
Geheimdat,2.6473928533902473,1
Suchtrefferlink,2.6473928533902473,1
Kirchtürm,2.6473928533902473,1
Spell,2.6473928533902473,1
Princeton-Professor,2.6473928533902473,1
Ad-Tech-,2.6473928533902473,1
US-Techunternehmen,2.6473928533902473,1
Erfolgsfan,2.6473928533902473,1
anlernen,2.6473928533902473,1
Mis,2.6473928533902473,1
Kühlschrankinhalt,2.6473928533902473,1
IT-Konzern,2.6473928533902473,1
Umweltressource,2.6473928533902473,1
Inhärent,2.6473928533902473,1
temperamentvoll,2.6473928533902473,1
Gemeingut,2.6473928533902473,1
Ex-Formel-1-Weltmeister,2.6473928533902473,1
Kognitionsforscher,2.6473928533902473,1
Gesetzwerk,2.6473928533902473,1
ChatGPT-4,2.6473928533902473,1
kodifiziert,2.6473928533902473,1
Zweifelsohne,2.6473928533902473,2
Bedrohungsmodelle,2.6465656304393512,1
Gecloud,2.6462899948263985,1
multimodal,2.6462899948263985,2
Chipsystem,2.6460144118652362,2
GAIA,2.6460144118652362,1
verbliebener,2.6460144118652362,2
verwechsle,2.6460144118652362,2
Kierkegaard,2.6457388815357543,1
Søren,2.6457388815357543,1
Kofferwort,2.6454634038178533,2
verzerrend,2.6454634038178533,2
Zeitverständnis,2.6454634038178533,2
Communities,2.6454634038178533,2
stochastisch,2.6454634038178533,2
Kahle,2.6451879786914443,1
Geschäftswachstum,2.6451879786914443,2
intelligente,2.6451879786914443,2
Werbeanruf,2.6451879786914443,2
narren,2.6451879786914443,2
angelernt,2.6451879786914443,2
Biomedizin,2.6451879786914443,2
Künstlerkolleg,2.6449126061364527,2
US-Technologie,2.6449126061364527,2
Arvind,2.6449126061364527,2
Angriffsplanung,2.6449126061364527,2
Galaxy-S25-Handys,2.6449126061364527,2
Ethics,2.6449126061364527,2
durchforste,2.6446372861328094,2
AlphaGo,2.6446372861328094,1
Milliardenbeträg,2.6446372861328094,2
treffsicher,2.6446372861328094,2
stark,2.6446010814761767,1821
ChatGPT-Erfinder,2.644362018660466,3
Werbefilm,2.644086803699375,3
Sharot,2.644086803699375,1
Belugawal,2.644086803699375,1
Adversarial,2.644086803699375,2
beizubringen,2.64381164122951,3
KI-Security,2.6435365312308488,1
Sprach-KIs,2.6435365312308488,1
Textform,2.643261473683385,3
easy,2.64298646856712,3
Chatgpt,2.64298646856712,1
Annehmlichkeit,2.64298646856712,3
Biotechnologie,2.64298646856712,3
Moreland,2.64298646856712,1
Kernfusion,2.6427115158620733,3
Fehlalarme,2.6427115158620733,3
Rodolfo,2.6427115158620733,3
KI-Assistent,2.6427115158620733,2
abschmettern,2.6427115158620733,3
Rechtsanwält,2.6427115158620733,3
Duplex,2.6424366155482666,3
Narayanan,2.6424366155482666,2
idealtypisch,2.6424366155482666,3
Nutzungsdat,2.6421617676057405,3
fact,2.6410628991495937,2
relevante,2.6407883127644336,3
mitmischen,2.6407883127644336,4
Persönliches,2.6407883127644336,4
Och,2.6407883127644336,5
aufzusteigen,2.6407883127644336,4
fasziniert,2.6407883127644336,4
Wahlempfehlung,2.6407883127644336,3
Maschinelles,2.6407883127644336,3
deklassieren,2.6405137786310213,4
Kruse,2.6405137786310213,3
Künstliche,2.640239296729474,4
Metas,2.640239296729474,3
Bildanalyse,2.640239296729474,3
Explore,2.6396904895424953,1
KI-Entwicklung,2.639141891044668,5
Wunderwaffe,2.6388676700045988,5
Iranische,2.6388676700045988,6
Automatisierte,2.638593501077338,5
Qualia,2.638593501077338,1
Deklaration,2.638593501077338,5
begrifflich,2.638319384243081,4
Garri,2.638319384243081,4
Nutzerinn,2.6380453194820355,4
wahl.chat,2.6377713067744235,1
Blackwell,2.6374973461004707,2
Google-,2.6374973461004707,5
ATPs,2.6374973461004707,1
Rechenkapazität,2.637223437440424,4
ITPs,2.636675776083065,1
Gaia,2.636675776083065,2
Anfangszeit,2.636675776083065,6
schreiben,2.636629624129256,1558
2,2.6364073881326426,286
Nachvollziehbarkeit,2.636402023346294,5
Upgrade,2.636128322544506,5
Superwahljahr,2.636128322544506,7
Verschleierung,2.6358546736580006,6
Kasparow,2.6355810766670853,4
Tarnung,2.6353075315520833,7
leistungsstärk,2.6353075315520833,6
oder,2.635218193412827,3642
inkl.,2.6350340382933233,5
bedauerlicherweise,2.63476059687115,7
Spieltag,2.6344872072659165,4
Googles,2.6344872072659165,4
Unterwanderung,2.634213869457989,6
K.I.,2.6339405834277443,2
wahlweise.info,2.6336673491555675,1
weltumspannend,2.6333941666218585,6
Daten,2.6331210358070276,7
komplexe,2.6331210358070276,7
Entschlüsselung,2.6331210358070276,5
KIT,2.632847956691494,6
Doktorande,2.632847956691494,7
Bessere,2.632574929255693,9
fünfeinhalb,2.6323019534800647,6
C++,2.6320290293450626,4
Testdate,2.6320290293450626,3
vervielfachen,2.6317561568311554,8
Hochrangige,2.6317561568311554,8
Helmholtz,2.6317561568311554,6
Langhans,2.6312105665885355,1
GitHub,2.6309378488208104,8
vorzugsweise,2.6306651825961502,8
Durchbrüch,2.6303925678950755,8
handele,2.6301200046981172,8
zugrundeliegend,2.629575032738737,9
angeschlossen,2.629575032738737,7
KI-Gipfel,2.629575032738737,5
lahmzulegen,2.629575032738737,9
bestücken,2.6293026239374306,8
Spracherkennung,2.6290302665624807,6
schnelllebig,2.6290302665624807,8
Silver,2.6290302665624807,4
Ransomware-Angriffe,2.6290302665624807,2
Wasserzeichen,2.6282135028016747,2
akzeptiert,2.6282135028016747,9
detektieren,2.627125203246413,10
KI-Forscher,2.62685325658434,6
unzugänglich,2.6263095169969723,10
Produktionsbedingung,2.6263095169969723,8
kontrollierbar,2.626037724033056,10
Gutsche,2.6257659822632604,2
KI-Kunst,2.6257659822632604,2
Oldenburg,2.6254942916683,5
kuratieren,2.6249510639258187,8
optimiert,2.6246795267397864,9
Workflow,2.6244080406515735,7
Walker,2.6233226068925113,6
Stereotyp,2.6227801961004875,11
Spielfeld,2.6227801961004875,10
entlohnen,2.6225090671592355,11
umgedreht,2.6222379891622847,11
tummeln,2.621966962090495,12
Peters,2.621966962090495,9
Umwälzung,2.621966962090495,11
Supermacht,2.621966962090495,10
Fahren,2.6216959859247346,11
Atomkrieg,2.621425060645885,9
läuten,2.621425060645885,11
umschreiben,2.621154186234836,12
woke,2.621154186234836,7
nötigen,2.620883362672492,11
erreicht,2.620883362672492,12
EU-Gesetz,2.6203418680175794,10
alternativlos,2.6203418680175794,10
KI-Anwendung,2.6192594880530873,9
Grundlagenforschung,2.6189890198978336,12
angestammt,2.6187186024388893,13
aufwerfen,2.618177919533924,13
Briefing,2.618177919533924,10
YouTube-Video,2.6173672749240975,10
bereitwillig,2.6162871235105065,15
stolpern,2.61601721197132,15
Forscherinne,2.615747350920012,15
Defensive,2.615747350920012,12
Fachbereich,2.6152077802055036,12
Earth,2.6141292438008303,12
Auktion,2.6138597356365025,4
einläuten,2.6138597356365025,16
revolutionieren,2.613320870300347,15
vermarkten,2.613320870300347,13
Arbeitsleben,2.613051513090932,16
dreistellig,2.6127822061622474,14
Identifizierung,2.612243743072014,15
Neue,2.612243743072014,13
Rüstung,2.6114364250732915,16
Go,2.6114364250732915,13
hinken,2.611167419435235,17
akustisch,2.611167419435235,14
Wohle,2.6108984639467536,16
Kent,2.610360703343746,6
Steinzeit,2.610091898191863,13
standardisiert,2.609823143114836,16
Erkennung,2.608748623182409,16
Neu-Delhi,2.6079432581061344,11
Regierungsbehörde,2.607138342363246,17
Betriebssystem,2.607138342363246,9
überfluten,2.6068701368808433,15
Spektrum.de,2.606601981250149,25
Aufbereitung,2.606065819469775,13
Programmierung,2.606065819469775,13
bannen,2.605797813283072,19
Ransomware,2.60526195022414,7
angreifbar,2.60526195022414,19
Wettlauf,2.6039231627159065,19
Mainzer,2.6039231627159065,17
Modus,2.603655554233372,17
Sicherheitsvorkehrung,2.6033879953808814,18
aushebeln,2.60312048614003,19
KI-System,2.60312048614003,12
gesteuert,2.602853026492422,18
angereichert,2.602853026492422,12
illustrieren,2.6023182559034126,20
Fratzscher,2.6020509449252707,5
manipuliert,2.6017836834668966,17
Siegeszug,2.6017836834668966,18
Datenmeng,2.601516471509946,14
Audio,2.601516471509946,14
EU-Haushalt,2.600448118329849,13
Schlagwort,2.600448118329849,22
Rechenzentrum,2.5985804018412484,17
Genauigkeit,2.598313782474257,21
beibringen,2.598313782474257,19
Verwaltungsrat,2.5980472123711422,16
Halluzination,2.5972477974630994,10
Nvidia,2.5972477974630994,5
Ratschlag,2.5972477974630994,22
brauchbar,2.596981424233581,21
Now,2.5967151001770308,15
Verkürzung,2.5967151001770308,19
Sicherheitsmaßnahme,2.5964488252752975,24
Hallo,2.596182599510241,23
andersherum,2.595650295317645,21
Faktencheck,2.5951181874543074,13
profilieren,2.5951181874543074,23
Forschungsprojekt,2.5951181874543074,22
Alexa+,2.5935230403929506,1
SMS,2.5932573539368686,18
dabei,2.592996975474035,2255
schlagartig,2.5924605880151503,24
zuschauen,2.5924605880151503,25
welcher,2.5921468424094343,1343
spucken,2.5903380276665544,17
perspektivisch,2.5900729270610263,22
sollen,2.589323122923858,4257
Grok,2.5884833455917846,1
Assistent,2.5882185855407993,21
willst,2.587689211158711,24
Forschungszentrum,2.5874245967919727,23
anlaufen,2.5861022524894484,25
Oppo,2.5858379290107543,1
persönlich,2.585708474296492,511
bösartig,2.585309427293156,18
Unterzeichner,2.5850452490187887,22
Sprachmodelle,2.584517037550338,18
Verschlüsselung,2.5842530043208516,15
EU-Lieferkettengesetz,2.5842530043208516,14
Anblick,2.5837250827829195,22
Artenschutz,2.5831973543552422,22
umdrehen,2.582406123486564,23
Tools,2.582406123486564,22
vielversprechend,2.581351823564077,22
nordkoreanisch,2.581351823564077,15
Urheber,2.5800350312067266,25
personalisiert,2.5800350312067266,22
erlernen,2.5789824619884048,25
Wendepunkt,2.578456465216414,30
Karlsruher,2.5779306601493666,25
Dank,2.5774050466475753,24
mithalten,2.577142311690041,28
nennen,2.5762698085536986,1087
ermöglichen,2.5760940420083305,517
einsammeln,2.5745175903889077,31
Geldgeber,2.5742553807039616,31
Elektromobilität,2.57294504665197,25
vertrauenswürdig,2.5718976356204024,30
Datensätz,2.5718976356204024,21
vorweisen,2.5711125760777715,30
Risikofaktor,2.5711125760777715,23
Start-ups,2.5705894402819585,27
ranghoh,2.570066494111712,34
nebeneinander,2.569805092093226,31
schulden,2.567193673598867,34
fälschlicherweise,2.5669327915420084,29
Keir,2.5666719566518346,31
Boom,2.5653684891047455,18
fiktiv,2.5653684891047455,29
stechen,2.564066198170895,34
Einkauf,2.563805880990852,31
Ausbeutung,2.5635456107734758,30
Reddit,2.5612052893448443,9
Arbeitsweise,2.5606857330797244,19
K.,2.5601663638545062,22
Kreativität,2.5593876604220522,25
betrieben,2.5593876604220522,36
arbeitend,2.558868758207943,36
funktionieren,2.558221669717385,504
Humor,2.557054068812562,35
Verhaltensweise,2.556277042997806,29
Co.,2.5560181273652613,38
viel,2.5556748912265608,1675
Leistungsfähigkeit,2.555241659151241,36
Archäolog,2.5536899753010456,22
Stimme,2.5527438766443744,686
zusehen,2.5523981790672554,38
einhergehen,2.5518817842704316,40
zudem,2.55183167899577,1835
Vorhersag,2.5513655742445867,30
programmieren,2.551107538479471,38
ambitioniert,2.550333707977261,35
ausschöpfen,2.5500758566859343,41
Vormarsch,2.549044912128437,39
renommiert,2.548529715984083,40
naheliegend,2.547242529961377,41
verwechseln,2.547242529961377,41
europäisch,2.544223007885538,1027
deutschlandweit,2.544157961072788,42
gefälscht,2.5433878482179892,33
Zwilling,2.5431312352587376,23
kalifornisch,2.5428746679352567,34
Group,2.542361670130701,37
selbstständig,2.5410799731103477,39
debattieren,2.5397994137449977,47
verschreiben,2.539543438212865,34
Zensur,2.539287508090087,33
Waffe,2.5387760781826607,387
Steuerung,2.538519990016839,31
noch,2.536897135523498,4055
Otto,2.535453994437706,43
erbringen,2.535453994437706,45
zurückgreifen,2.533668501443435,48
Gates,2.53341361130723,19
Künstlerinn,2.533158766196138,34
Feature,2.530104131041055,28
Algorithme,2.530104131041055,27
versuchen,2.5299344208299157,967
gänzlich,2.5295956533865613,47
verhelfen,2.5288332727711325,46
Schlagzeile,2.5265485451919147,52
spezialisiert,2.526041318940157,47
so,2.525773755607018,3524
Herrschaft,2.5242674301070114,44
Einflussnahme,2.5242674301070114,48
geschützt,2.523761005080935,33
erzeugt,2.521989916110673,40
heutzutage,2.521484289783002,49
autonom,2.520726182402454,45
generieren,2.52047356844316,41
langweilig,2.520220998708485,41
Künstlerin,2.5187065081510553,40
Fazit,2.5182020310613105,83
Regie,2.51593406461544,53
G,2.515682288284383,30
trotzdem,2.5148005175611843,564
inwieweit,2.5144240653003767,56
Bot,2.5121620255301664,12
einsteigen,2.5116598313145797,54
simpel,2.5114087997457197,53
feuern,2.5104051100419102,53
rund,2.5103531540211055,1676
Genom,2.5091514790603373,26
einstimmig,2.5089008835322684,55
kriminelle,2.507898936476689,45
vorgeben,2.507398223771517,56
genutzt,2.5068976847872086,52
unerwünscht,2.5066474804027177,48
herkömmlich,2.5063973194032645,51
hervorragend,2.505897127499308,55
Projekt,2.5058957897853933,386
Erforschung,2.5041478202553478,51
lebendig,2.5041478202553478,58
Agent,2.50314916761484,43
gründlich,2.500904723465382,58
kombinieren,2.500904723465382,61
Zero,2.4999083124439636,11
Längerem,2.4991614555367345,61
berühren,2.4964262833314947,59
offenkundig,2.495929535939636,59
Maßstab,2.4949365539804234,63
eingesetzt,2.4939442550034023,62
Volkswirtschaft,2.4932004784128328,58
Regulierung,2.4932004784128328,52
groß,2.492971587168066,3079
hinterher,2.491714074598784,64
Szenarium,2.490476573530991,59
übersehen,2.4894873363831103,69
weitermachen,2.489240133045284,61
gravierend,2.488498777077462,68
ausnutzen,2.488004751325306,64
weiterentwickeln,2.488004751325306,65
Tendenz,2.4872640297470117,69
stetig,2.487017207043035,67
technologisch,2.486276992195183,58
posten,2.485783726539024,59
zurzeit,2.485290629475564,66
ahnen,2.485290629475564,68
Anweisung,2.4845512997396977,60
worauf,2.483319924846329,72
aufkommen,2.4825816040786233,70
Beispiel,2.4809179333949842,1136
besiegen,2.480123260181996,69
konkret,2.479138455808341,596
Chat,2.478895657327609,45
gleichermaßen,2.4784049085186926,68
vergeblich,2.4761986023434837,67
Hindernis,2.4742402698657244,67
wider,2.4720403186208504,74
außerdem,2.4705714793562876,1148
nähern,2.46789398589223,72
bearbeiten,2.466676740692982,75
Musks,2.4659468862412783,47
respektieren,2.4654605216543803,76
Gebrauch,2.46375953565963,70
manipulieren,2.4632739077945356,68
Ziel,2.461328374551268,997
populär,2.459394758519405,73
Starmer,2.4567338809542854,31
Wagen,2.4555260116199147,54
heimlich,2.4552845590575565,72
funktionierend,2.4550431468984577,80
ausliefern,2.454560443735975,78
depressiv,2.453595521655741,33
Konkurrent,2.451908459384857,80
hierfür,2.4516676114549547,75
faktisch,2.451186036185275,79
lässt,2.44773392983271,950
zu,2.4473679371454757,6536
Kraft,2.4473350565157332,632
möchten,2.446734887152454,565
entfalten,2.4458992907143653,79
frühzeitig,2.4449401422259616,75
Forschend,2.441588135296117,66
abhängen,2.4391986039470392,85
Großbritannien,2.436689194935717,449
kippen,2.4358598952001724,85
Tool,2.4356217114002057,38
gegen,2.434264006504815,3177
2026,2.433242033685529,76
symbolisch,2.4325288951122843,82
einzigartig,2.431341113623601,88
spiegeln,2.429442694951474,95
geistig,2.428731431496308,75
vorne,2.4277836253656755,87
Anruf,2.4273099557029063,72
zuordnen,2.4247075487705345,84
Leute,2.423402831654645,473
Abteilung,2.4232900302080207,81
darauf,2.4225738273844737,1516
Ergebnis,2.4216308783063347,928
erledigen,2.4206948580201804,91
traurig,2.4202235096735034,87
entwickelt,2.4199878932360885,90
anzeigen,2.419752315272529,81
genügen,2.419045812099391,92
rechtzeitig,2.41622325415376,90
neue,2.4157533642424216,83
Stelle,2.415043158015873,606
n,2.4141099537323356,27
optimistisch,2.4129372341798074,100
Nutzen,2.412702804617762,77
dorthin,2.412702804617762,99
physisch,2.4117654671184017,76
liefern,2.4112911958110885,582
schildern,2.4103606017565156,95
infrage,2.4052211014356786,109
eigen,2.4041389351918863,1742
ohne,2.4038127135381924,1762
letzterer,2.4028910038353324,103
Pariser,2.4028910038353324,79
Besitz,2.402658200925462,89
Stil,2.4024254355761627,98
Jan,2.400099845251539,99
nützlich,2.3998674922700207,90
online,2.397314076251307,101
Medizin,2.397082171462383,85
Schlag,2.397082171462383,90
ausstatten,2.3966184736865976,106
wirken,2.3959166727515377,605
tausend,2.3954598808672465,96
Name,2.3924451955269195,584
vielfältig,2.391758624025771,95
quasi,2.390373097144815,100
’,2.3896808323690983,78
Überlegung,2.3889888996113555,105
Anbieter,2.388527795403407,81
Ecke,2.388527795403407,94
erkennbar,2.388066838523308,112
Anpassung,2.386684850909406,92
erweitern,2.3857642607496707,107
Boot,2.385304185863397,56
verändert,2.383235662579004,90
beinhalten,2.38300600962757,100
erforschen,2.38300600962757,105
Revolution,2.3823172700333135,94
26,2.380023843179769,117
Geschäftsführer,2.3791074922952706,116
dich,2.3791074922952706,93
Terror,2.378878495488234,81
General,2.3779628715702703,87
Gott,2.3775052774360645,85
R.,2.377047828395586,48
gewähren,2.3752194813325733,114
anfangs,2.3752194813325733,111
Klimakrise,2.3749911007840367,86
veröffentlichen,2.3746411039090525,679
Richtlinie,2.371341920263042,82
Berichterstattung,2.369520785541061,79
geben,2.3653412383024754,4044
zusätzlich,2.3645165403257273,652
integrieren,2.3620328101521046,102
abnehmen,2.361806507397187,114
jetzig,2.3597713784323595,124
anstatt,2.3584162189536517,115
beteiligt,2.3523337047217137,114
Integration,2.348517088266865,99
werden,2.347758288487329,6458
passend,2.3473964728586942,106
verhindern,2.345932205625955,718
studieren,2.3449341786308953,126
Restaurant,2.344710541948361,98
Vance,2.3435928782396704,53
chinesisch,2.34213227471278,302
morgen,2.339799285248029,129
spezifisch,2.339799285248029,104
ausführlich,2.338462748170029,125
über,2.33745792900681,4257
Bedenken,2.3304694237874024,137
korrekt,2.330026646101139,124
gewährleisten,2.329805308207437,138
Konkurrenz,2.328477993481119,121
Kooperation,2.3275937949351526,123
Bekämpfung,2.326047750246767,127
Angst,2.322290156426373,505
z.,2.3207595685482207,40
Gipfel,2.3200999066783137,99
dazu,2.3200401090455696,2023
ab,2.3193367749134026,2030
Prognose,2.3159290380299034,120
umgekehrt,2.3150524948060998,134
speichern,2.314833442188064,89
verstoßen,2.3143954367067767,137
beruhen,2.3139575641645873,129
etwas,2.3126841041613773,1402
Gegenstand,2.3126447433662367,122
Störung,2.3124260559982606,113
Aufwand,2.311988780684743,123
Akteur,2.311333116119954,130
überhaupt,2.3085939972527907,694
vergleichbar,2.3067517887293487,146
Ausbreitung,2.3050103407558105,116
Summe,2.303923002262577,130
Ausdruck,2.3028364826635723,135
links,2.302402103838176,130
bergen,2.3004490159836894,137
Schauspieler,2.3004490159836894,99
Anforderung,2.2993651085773656,110
steuern,2.2991484247835636,136
Einführung,2.2987151548051887,133
unten,2.298498568601076,125
erleichtern,2.2978490050119014,161
auftauchen,2.2926629981293143,142
innerhalb,2.2879142147448874,708
Werkzeug,2.284918774836285,104
ja,2.2842600703843363,889
Leser,2.2829891969546487,116
Geheimdienst,2.280848244023664,128
effizient,2.2797789578173315,115
wachsend,2.2789240991045325,153
Verbreitung,2.276149301409374,151
Tatsache,2.2750834909814976,160
schließen,2.2721978053838967,758
bestimmt,2.271241115691076,621
heute,2.2699074214251205,1376
vergleichsweise,2.267220870841415,157
Bemühung,2.266797082628484,159
sorgen,2.266255350665423,782
beispielsweise,2.265831824764165,594
schlicht,2.263834045656548,158
Iowa,2.263622632841784,42
Kontext,2.2606661017843663,141
Vorgabe,2.2598224902821507,149
Amazon,2.2514133961714276,58
Zugriff,2.248481754768143,96
relevant,2.2468092019246093,163
innerer,2.2468092019246093,145
Motiv,2.2430530325824805,158
zunehmen,2.242844642975662,176
entstehen,2.240749178394953,689
benutzen,2.2395144964781135,168
Elon,2.238475400147358,132
und,2.236009043048476,6695
theoretisch,2.2351553122578505,150
protestieren,2.2349480602361176,171
auch,2.23481221394621,5644
bekämpfen,2.2337051729503727,186
Arbeitgeber,2.2306026312206004,131
Feld,2.2250348144878327,153
Wachstum,2.224417492519212,155
selber,2.2215401441629066,171
vorliegen,2.2211295624594936,198
automatisch,2.218258757656729,157
Belastung,2.217439575871113,165
dass,2.2160257829153043,5178
B.,2.2155981157624502,69
solange,2.210902813031442,178
laufen,2.210684578436261,807
überlegen,2.2088661337095346,188
eingehen,2.2072388578794175,203
Arbeitsplatz,2.2050043463759508,163
eröffnen,2.2045984431291306,190
Förderung,2.198119474636991,148
genau,2.1958789972330823,1237
trennen,2.1952940497247777,177
präsentieren,2.1948908689227107,196
maximal,2.1934806227654615,180
einladen,2.191870599058774,171
Dialog,2.1910662604894213,172
bewerten,2.1896597461475196,197
herausfinden,2.1852481784797995,208
Schluss,2.183047443097964,209
Branche,2.180251353696203,165
Wahl,2.17976498449873,880
offen,2.1789393163146062,834
Rest,2.178656018027951,205
Juli,2.1768633715602697,197
generell,2.1756695102119927,217
spätestens,2.17368193411318,208
zeigen,2.1718302269454135,2081
erzielen,2.1711021721119774,204
rasch,2.1689228938643588,192
denn,2.1658333646069554,1482
Voraussetzung,2.1627989437047503,212
antworten,2.161419706508644,218
solcher,2.1609520719835658,1542
Publikum,2.1598450483149705,151
auf,2.159285236072522,6155
radikal,2.1590583632590103,188
Europa,2.1587087327889876,943
Leiter,2.1580756097951,227
angehen,2.1574862788897153,226
messen,2.1551313596978545,205
5,2.153955340015475,180
formulieren,2.150237589461989,211
abgeben,2.150237589461989,220
verabschieden,2.14808957833813,223
Tür,2.1461396123291454,174
Ressource,2.1364291214439817,156
Seite,2.135760930883304,1508
Umstand,2.1350748534574926,227
sicherstellen,2.1331423874958375,242
Bundestag,2.1328352729361093,579
Premierminister,2.1281300567712176,199
Wahrheit,2.1275528299149897,196
100.000,2.123902413249141,200
Bürgerin,2.122751566407649,209
jeder,2.1201559377728874,1849
verpflichten,2.1189220270560813,227
verdienen,2.1187308166670995,222
wiederholen,2.1185396316171996,237
gerade,2.117496344473933,1216
vorher,2.1170110626197083,228
ähnlich,2.1156567772084927,844
Bild,2.1146077570667785,720
überprüfen,2.1122446963853747,247
analysieren,2.1101524736133292,229
grundlegend,2.1099624219124262,218
klären,2.1082530822956986,255
Aufmerksamkeit,2.10521924798922,209
vielmehr,2.1044617852141236,245
zustimmen,2.1044617852141236,243
Kritiker,2.103704719923437,249
wohl,2.1019841498968272,809
statistisch,2.097097290286957,181
Prinzip,2.094462768434763,220
sozial,2.0925649357805103,626
dürfen,2.092179949594632,1791
Gegner,2.091645394918215,223
rechts,2.091457765496722,197
vorbei,2.089020801013353,250
Suche,2.088646248497925,230
umfassend,2.088646248497925,244
beide,2.08768156421238,1683
Beweis,2.086961964499592,202
herstellen,2.085279644537202,222
sehr,2.084800544459222,1911
verfügbar,2.083785894136385,232
10,2.0822936887485692,211
schnell,2.081025500882479,1238
Problem,2.0808392350536824,1189
Fahrzeug,2.079499956831354,191
bestehend,2.076340253620023,247
außer,2.0757833765856493,272
schätzen,2.0742994211877885,261
Klima,2.071151074973688,195
zwar,2.0679830902816665,1414
Rand,2.065796172922635,252
ausländisch,2.0639542539397393,209
organisieren,2.061747050809675,251
Quelle,2.0586259489206835,211
desto,2.0578925522457183,237
Lage,2.054850881640629,905
70,2.052403928812529,258
folgend,2.0511262489841027,238
Investition,2.0507614053418823,219
Natur,2.0503966539417675,194
sinnvoll,2.049849699693551,242
praktisch,2.0485742789419596,264
erheben,2.0471180345531277,259
Schüler,2.0467542030152153,152
Verteidigung,2.042758100194911,244
Aufnahme,2.042395366385872,225
Anfrage,2.0418514366176446,212
Fähigkeit,2.040220876677031,215
ziemlich,2.0400398170564706,270
sicher,2.03992841888107,854
derjenige,2.0384113022014567,267
gehen,2.0323061944754475,3215
bloß,2.0254489407336873,250
Signal,2.0225841639926596,244
mir,2.0222943830775577,516
überall,2.021690086619408,276
aussprechen,2.0131350185434833,287
ein,2.010821679391075,6658
Stand,2.0090536239699883,237
Mensch,2.0087881647956163,3031
Abkommen,2.0086992651566344,193
Job,2.007459694290315,248
Gedanke,2.005337190385019,257
sogenannter,2.004696601163241,1005
Geld,2.0002864574121393,762
ausreichend,2.0002206609336426,282
darstellen,1.9991643303822997,284
teuer,1.9991643303822997,256
rein,1.9988123920036003,287
sondern,1.9976796034582716,1754
Effekt,1.9926673273851154,217
Gas,1.9926673273851154,194
stoppen,1.9919666980042727,303
befürchten,1.9884686458271812,325
durchführen,1.9858506615250793,253
profitieren,1.9823673894490295,289
stärken,1.9806289021239945,309
Strom,1.9776782730440363,184
verlangen,1.974214653167051,310
langfristig,1.9680010155030043,290
kaum,1.9678054198387365,953
komplex,1.958730451265751,255
fördern,1.958730451265751,282
Satz,1.9459527009709987,244
negativ,1.9445963966769941,258
jedenfalls,1.9430720769228316,306
Hamburg,1.9420325185165943,372
Detail,1.9412112039795595,320
wenig,1.9395816952488971,968
hier,1.9392740216725617,1619
Bedeutung,1.937159429886469,331
mehrfach,1.934632837489044,318
miteinander,1.9339598261513729,286
ohnehin,1.9336234381798239,328
benötigen,1.9334552736023642,290
Forschung,1.930263865326241,256
dieser,1.9295092684128825,5213
Veränderung,1.928084330774995,261
bewusst,1.9257408162570329,293
Begriff,1.9252391294650284,256
Regierung,1.9244079173972768,1704
derselbe,1.9240692049526746,305
reduzieren,1.922733309042556,304
recht,1.9225664089970085,327
Brief,1.9215654139895815,211
Grenze,1.918624795970608,814
massiv,1.917235776707436,339
aber,1.915859575453398,3991
Folge,1.9143867210073875,999
heraus,1.9114278620373,329
Generation,1.9106000653191213,250
Michael,1.9041595005670153,313
Botschaft,1.901361048019366,299
bitten,1.899388932893494,327
halten,1.897549267978885,1655
Beitrag,1.8943067447030142,315
USA,1.8931637571808366,1493
gelten,1.891329467368001,1700
dienen,1.8898948629050523,350
verteidigen,1.8890793262845875,370
vieler,1.8880036417644845,2485
Sprache,1.8869610860910768,235
nicht,1.8869360865953535,5478
schön,1.880138719036557,340
Chef,1.8790047878957665,372
Markt,1.877548184794593,287
Rahmen,1.8759314598669885,353
beginnen,1.8759050750968385,1082
Produktion,1.8741551525171953,314
Verfügung,1.8739937784277743,364
zunächst,1.8727575633186557,1143
weniger,1.8676340920335814,2006
müssten,1.866590015678785,384
weit,1.866277993415137,3014
Gespräch,1.8631958420533437,914
York,1.862261959145357,286
wann,1.860822154185211,372
plötzlich,1.8565113408042873,331
durchaus,1.8555551290107495,358
Zentrum,1.8544403490140304,328
Internet,1.8526902903967066,290
möglichst,1.8523723258758835,346
gar,1.8485349632848624,970
Diskussion,1.836720032850737,349
unklar,1.8321669923131676,459
Zustand,1.8315401128655608,298
Fachleute,1.8310701319720657,293
grundsätzlich,1.8288789099057414,380
Gefühl,1.8271595671638572,277
verweisen,1.8190593886861102,410
2016,1.8164210874947777,346
warten,1.8161110160782865,367
lang,1.8155050442479617,1630
vermutlich,1.814406813492706,372
technisch,1.8048387772317387,303
2017,1.794722698278557,367
Interview,1.791366373737132,363
sofort,1.7901478254242598,406
Kosten,1.7899955792271793,364
Thema,1.7890533819393752,997
amerikanisch,1.7874098490126151,359
manchmal,1.7817980520911156,363
Reaktion,1.781646684446411,419
da,1.7797119244509165,1858
ursprünglich,1.7778676456290796,433
wegen,1.775214019335035,1765
zweiter,1.7697089177090284,1120
wiederum,1.7688381367083945,429
Zeitpunkt,1.7686881226591833,425
arbeiten,1.7686584607112632,1015
Einfluss,1.7679382863049558,387
lediglich,1.7650924571655011,411
weiter,1.7640056755347828,1985
nur,1.762542034839731,3560
hinaus,1.7609088092450804,444
beschäftigen,1.7571836337178475,424
kritisch,1.7555475987853786,363
in,1.755111613821482,6718
besonders,1.752176786861538,1177
verbinden,1.7505024614862776,415
leisten,1.74872602876572,428
wachsen,1.743999540953336,425
Datum,1.7439691584410202,700
verbreiten,1.7435572255853966,375
Habeck,1.741053330118973,185
ihr,1.7408228484924955,4628
weder,1.7398765283792041,444
muss,1.7383171843247798,1558
deutsche,1.7366452644180868,318
sein,1.733661674942848,6660
diskutieren,1.7313733027611562,422
Minute,1.7275777205267584,336
privat,1.7227745867134985,360
Hintergrund,1.7093238879411246,512
immer,1.7083813780410502,2410
gefährlich,1.7065912557935956,431
wichtig,1.7025315435643336,1754
selbst,1.6998777929813276,2125
Kontrolle,1.6981385555615276,403
hoffen,1.6954270079958267,476
kein,1.6793485098281646,3597
Sicht,1.67785466543204,482
seit,1.6705529761271745,2998
Chance,1.6695681883235487,456
meinen,1.6659315748007604,496
französisch,1.6641166998384858,362
EU,1.6617837934606534,773
Erfahrung,1.6609113494331584,395
Fehler,1.6604937847915657,384
wenn,1.6593930720583874,2925
geplant,1.6586857332834857,474
hart,1.6585467462082395,491
Video,1.6563247720904695,353
bereit,1.6549377740901008,494
Richtung,1.6545219345797193,447
--,1.644978836760263,6737
Leben,1.643787565230154,1062
sich,1.6404127834857292,5921
Beziehung,1.6334714993480137,391
müssen,1.6277197026618282,2679
Moment,1.6263864708857412,481
der,1.6217385598946894,6732
zugleich,1.615284144180487,545
Zusammenarbeit,1.615284144180487,443
bevor,1.6124545543558995,510
positiv,1.6104368111795608,417
ONLINE,1.607918002111207,616
schlagen,1.605069918559467,433
China,1.6040985217343966,553
Sorge,1.6015921141927567,519
mittlerweile,1.5997229170563898,500
wer,1.5982710176041657,2177
selten,1.5978561385721886,473
beschreiben,1.5971900169325792,469
wissen,1.5895832702713033,1147
Weise,1.5863092780220587,497
unser,1.5837146505096236,1893
wo,1.5762624801066814,1256
verhalten,1.5748541014544362,475
sie,1.5738255396010032,5009
nun,1.5726392055377616,2541
Zeitung,1.5680505073163769,528
Aufgabe,1.564270085353625,485
paar,1.5632289512681137,457
fahren,1.5598504451165063,458
Zusammenhang,1.5551855366953848,506
rechnen,1.5547974743391553,589
sowohl,1.5498910314531233,570
Jahrzehnt,1.544872762534487,523
gelingen,1.5433321849905894,539
Fall,1.5426857568173542,1716
Risiko,1.5393599573007677,425
November,1.5385924006936058,554
angesichts,1.5371862733127433,649
Universität,1.536930760966106,454
staatlich,1.5318299942644895,495
untersuchen,1.5290322406715493,487
gesamt,1.5200399586739088,576
dafür,1.5102600665609867,1993
wahrscheinlich,1.5039687858834618,569
es,1.499725907726118,5823
mehr,1.4959479007066925,4128
drohen,1.493022797350406,602
Kilometer,1.4853604171260812,412
Raum,1.4828973376288328,491
vergangen,1.4766263664171593,2234
bieten,1.4728424477743118,519
Idee,1.465650938177541,484
falsch,1.4624931424126988,546
New,1.45414619599849,427
lesen,1.441297141631411,489
schwierig,1.437834308736793,643
fest,1.4375957987720067,656
ebenso,1.435093821910078,628
reagieren,1.43057743542564,642
Straße,1.4208794564267073,518
schon,1.4203498910225036,2311
eben,1.417347640437825,576
Kollege,1.4168773842276057,497
dadurch,1.4161722871934188,572
stimmen,1.4151152873582316,605
davon,1.4132577776358488,1560
ändern,1.4117146573951764,666
kündigen,1.4083220243369645,677
demokratisch,1.4020258883163166,508
kommend,1.3985398715219297,675
am,1.3846794320710725,643
vor,1.3775442521955075,4860
Buch,1.3760837950264602,393
zumindest,1.3730018599925717,668
Gebiet,1.3728878405905682,544
Treffen,1.3701540748200518,533
erzählen,1.3590446513962977,533
Angabe,1.3571987644603958,1510
während,1.3392647187841806,1615
nachdem,1.335634066766369,738
weiterhin,1.330975042818789,740
sowie,1.326290139872615,1698
bezeichnen,1.3259998714016366,790
als,1.3195612684614524,5596
weil,1.3144755811644462,1937
haben,1.3094998167288026,6443
melden,1.2928319193293323,635
Schule,1.282300127107698,439
unterschiedlich,1.2802671169669537,622
uns,1.2749953058967947,1146
künftig,1.2715257879244266,691
Wort,1.270675804171285,661
dagegen,1.2701448185154423,777
Schritt,1.2648456829898365,694
Medium,1.2600930460259043,589
mein,1.2565227584654632,795
darunter,1.2514727396422103,842
Donald,1.2406132402188188,695
Gesellschaft,1.2272558796019126,602
zahlreich,1.2252989237634448,807
Situation,1.222111683636422,726
Jahr,1.2183052948868145,4141
20,1.2174975381692157,767
Unterstützung,1.2167811066946133,770
stehen,1.2092731261833904,2476
leicht,1.2016151311991514,740
bedeuten,1.201412641520097,800
je,1.1979746582007547,748
bestehen,1.1962587339726571,796
statt,1.195351129071721,827
anders,1.1919275431168952,818
Sicherheit,1.1917264084913093,724
richtig,1.1888131031823352,713
erwarten,1.1840039703845413,852
knapp,1.1832040045092977,823
möglich,1.1788180233470449,1796
bereits,1.173911237682569,2677
erst,1.1720563644480926,1737
warnen,1.1435663988704068,859
zwei,1.1424050643336354,2536
direkt,1.1326178026822333,829
politisch,1.1274662055308742,1406
Geschichte,1.1229975978470303,726
anderer,1.1185505037151362,3948
>,1.0995070248230476,265
tragen,1.0921677148595403,786
kommen,1.0858012342331644,3138
zusammen,1.0806695182576238,924
denken,1.0741665147254338,738
sprechen,1.0400445719061135,1967
unter,1.0104737872522644,3622
Politik,1.009103790492885,837
eher,0.9995661906091424,838
Region,0.9990381681986218,764
Woche,0.9900001337971709,1929
damit,0.9870579705951741,2829
bislang,0.9790284088933756,984
verschieden,0.9773806120991058,830
warum,0.9742636227319412,877
meister,0.9709807569046021,948
nächster,0.9693421210697082,977
finden,0.96886347566317,1810
gleich,0.9667585847758495,923
insgesamt,0.9632352173211629,1077
Entscheidung,0.961605350464513,915
wieder,0.9557801711633296,2552
zuletzt,0.9464248413925418,1094
FDP,0.9298080871248366,578
leben,0.9280479939918376,862
Gruppe,0.9123859010424145,776
eigentlich,0.9096541607547959,990
Behörde,0.873232836268194,900
ebenfalls,0.8660736699348153,1125
Weg,0.8521788946490076,1082
erreichen,0.8511461320959466,1099
an,0.8270074910510594,6152
alle,0.7989307520945967,2739
Studie,0.7953770379344096,650
erhalten,0.7863894725137754,1061
Land,0.7750524366645557,2590
bisher,0.7627426073533599,1130
Grund,0.7593852569948645,1213
derzeit,0.7580445014460597,1152
deutsch,0.7526798640242252,1885
Angriff,0.7430093996119993,829
dann,0.7338577639514501,2503
Deutschland,0.7250738818569058,2549
aktuell,0.7232517246287049,1184
demnach,0.6825503196001055,1307
sehen,0.6750279229254517,2258
klar,0.6602548669112842,1220
sogar,0.6416602088942209,1182
alt,0.6269687324722586,1074
zufolge,0.5885295909190944,1366
erster,0.5871528281878629,2443
bis,0.5692129994765747,3187
wir,0.554967873805607,3074
spät,0.5494764403060248,1270
erklären,0.5214020537760078,1427
tun,0.5191921456833803,1285
einiger,0.4823170449661589,1375
teilen,0.4367354751979171,1649
ihn,0.36235527369439247,1277
deutlich,0.3524291709311935,1584
aller,0.3355535654264976,2728
heißen,0.33477690864376797,1778
aus,0.33359136377051435,5128
führen,0.27671975879819044,1733
ZEIT,0.2733637935655491,856
Teil,0.2725659035373571,1654
jedoch,0.2632896464964052,1659
einer,0.23493244500243193,1694
ich,0.1815064163567257,1794
Million,0.11737865973909933,1370
drei,0.10567858718971834,1857
Ende,0.0698427646485964,1927
laut,0.0407505431444708,2032
